,problem,correct_solution,intermediate_1,intermediate_2
0,"[8, 5, 5, 3] ⋅ [4, 8, 0, 7]",93,32,21
1,"[5, 7, 9, 3] ⋅ [8, 2, 7, 6]",135,40,18
2,"[0, 3, 5, 4] ⋅ [9, 6, 4, 9]",74,0,36
3,"[7, 0, 4, 9] ⋅ [2, 0, 3, 3]",53,14,27
4,"[9, 8, 5, 7] ⋅ [2, 3, 9, 1]",94,18,7
5,"[3, 3, 6, 7] ⋅ [0, 1, 1, 1]",16,0,7
6,"[0, 0, 2, 4] ⋅ [6, 0, 4, 2]",16,0,8
7,"[1, 6, 1, 7] ⋅ [6, 5, 8, 2]",58,6,14
8,"[4, 2, 1, 1] ⋅ [1, 6, 5, 2]",23,4,2
9,"[5, 4, 5, 5] ⋅ [4, 2, 3, 5]",68,20,25
10,"[5, 3, 4, 6] ⋅ [3, 5, 2, 5]",68,15,30
11,"[9, 0, 3, 4] ⋅ [1, 2, 2, 9]",51,9,36
12,"[1, 8, 7, 3] ⋅ [1, 3, 9, 2]",94,1,6
13,"[7, 4, 5, 7] ⋅ [2, 8, 1, 6]",93,14,42
14,"[0, 2, 3, 3] ⋅ [7, 7, 0, 8]",38,0,24
15,"[1, 3, 9, 0] ⋅ [5, 2, 5, 8]",56,5,0
16,"[2, 0, 6, 5] ⋅ [5, 9, 2, 5]",47,10,25
17,"[1, 3, 8, 3] ⋅ [4, 7, 6, 8]",97,4,24
18,"[8, 7, 4, 7] ⋅ [0, 7, 1, 6]",95,0,42
19,"[8, 2, 7, 4] ⋅ [1, 0, 3, 7]",57,8,28
20,"[0, 4, 7, 7] ⋅ [2, 1, 5, 9]",102,0,63
21,"[8, 6, 4, 2] ⋅ [3, 0, 7, 6]",64,24,12
22,"[4, 8, 7, 7] ⋅ [1, 8, 4, 6]",138,4,42
23,"[7, 5, 1, 1] ⋅ [3, 1, 5, 1]",32,21,1
24,"[0, 2, 1, 7] ⋅ [4, 9, 3, 6]",63,0,42
25,"[5, 4, 6, 3] ⋅ [4, 2, 0, 5]",43,20,15
26,"[3, 4, 3, 2] ⋅ [5, 2, 2, 3]",35,15,6
27,"[2, 3, 9, 4] ⋅ [9, 3, 8, 9]",135,18,36
28,"[0, 4, 0, 1] ⋅ [7, 5, 2, 9]",29,0,9
29,"[8, 2, 9, 1] ⋅ [5, 4, 8, 3]",123,40,3
30,"[1, 6, 3, 3] ⋅ [7, 3, 3, 7]",55,7,21
31,"[8, 7, 8, 2] ⋅ [4, 8, 9, 8]",176,32,16
32,"[9, 0, 6, 4] ⋅ [2, 5, 3, 5]",56,18,20
33,"[2, 1, 0, 2] ⋅ [3, 0, 8, 4]",14,6,8
34,"[7, 4, 1, 5] ⋅ [2, 0, 2, 0]",16,14,0
35,"[1, 3, 7, 7] ⋅ [9, 2, 1, 6]",64,9,42
36,"[2, 4, 8, 9] ⋅ [6, 2, 1, 7]",91,12,63
37,"[5, 3, 2, 7] ⋅ [4, 9, 3, 1]",60,20,7
38,"[3, 4, 1, 2] ⋅ [0, 0, 4, 6]",16,0,12
39,"[3, 0, 9, 3] ⋅ [2, 5, 1, 6]",33,6,18
40,"[3, 9, 0, 3] ⋅ [4, 6, 9, 6]",84,12,18
41,"[2, 7, 4, 5] ⋅ [2, 0, 4, 7]",55,4,35
42,"[2, 1, 8, 6] ⋅ [4, 1, 4, 5]",71,8,30
43,"[3, 3, 4, 9] ⋅ [3, 9, 6, 9]",141,9,81
44,"[1, 5, 1, 9] ⋅ [1, 8, 3, 1]",53,1,9
45,"[1, 6, 2, 8] ⋅ [0, 7, 7, 0]",56,0,0
46,"[3, 5, 9, 9] ⋅ [6, 0, 3, 9]",126,18,81
47,"[0, 7, 8, 8] ⋅ [9, 2, 0, 0]",14,0,0
48,"[2, 1, 9, 1] ⋅ [4, 3, 1, 4]",24,8,4
49,"[4, 5, 4, 4] ⋅ [8, 2, 5, 4]",78,32,16
50,"[4, 7, 6, 0] ⋅ [9, 9, 8, 6]",147,36,0
51,"[4, 6, 6, 4] ⋅ [9, 3, 2, 1]",70,36,4
52,"[1, 3, 8, 9] ⋅ [2, 5, 7, 0]",73,2,0
53,"[3, 3, 2, 2] ⋅ [2, 2, 6, 0]",24,6,0
54,"[4, 9, 6, 6] ⋅ [6, 3, 9, 1]",111,24,6
55,"[2, 9, 0, 8] ⋅ [9, 5, 1, 9]",135,18,72
56,"[4, 7, 3, 7] ⋅ [1, 5, 2, 9]",108,4,63
57,"[9, 3, 8, 2] ⋅ [2, 5, 3, 9]",75,18,18
58,"[3, 2, 6, 1] ⋅ [4, 4, 2, 3]",35,12,3
59,"[0, 6, 9, 0] ⋅ [6, 4, 4, 5]",60,0,0
60,"[6, 4, 2, 3] ⋅ [7, 8, 0, 9]",101,42,27
61,"[5, 9, 1, 3] ⋅ [1, 1, 9, 2]",29,5,6
62,"[8, 5, 3, 5] ⋅ [2, 7, 9, 4]",98,16,20
63,"[5, 2, 1, 1] ⋅ [1, 3, 5, 8]",24,5,8
64,"[2, 2, 9, 9] ⋅ [2, 4, 1, 5]",66,4,45
65,"[2, 8, 0, 6] ⋅ [5, 8, 3, 6]",110,10,36
66,"[1, 5, 2, 4] ⋅ [5, 6, 4, 8]",75,5,32
67,"[7, 3, 9, 1] ⋅ [5, 3, 5, 6]",95,35,6
68,"[9, 7, 6, 1] ⋅ [3, 7, 9, 7]",137,27,7
69,"[6, 3, 9, 9] ⋅ [5, 0, 2, 3]",75,30,27
70,"[6, 5, 2, 9] ⋅ [8, 9, 3, 2]",117,48,18
71,"[6, 7, 3, 4] ⋅ [7, 8, 3, 2]",115,42,8
72,"[0, 9, 9, 5] ⋅ [5, 4, 3, 6]",93,0,30
73,"[4, 7, 7, 2] ⋅ [4, 3, 9, 2]",104,16,4
74,"[0, 1, 2, 0] ⋅ [7, 9, 2, 7]",13,0,0
75,"[9, 1, 9, 9] ⋅ [9, 3, 6, 5]",183,81,45
76,"[6, 2, 5, 4] ⋅ [8, 8, 8, 6]",128,48,24
77,"[0, 5, 2, 5] ⋅ [1, 9, 8, 8]",101,0,40
78,"[4, 1, 7, 9] ⋅ [8, 9, 7, 8]",162,32,72
79,"[2, 0, 7, 3] ⋅ [3, 4, 6, 8]",72,6,24
80,"[0, 6, 1, 1] ⋅ [1, 9, 3, 9]",66,0,9
81,"[9, 6, 1, 8] ⋅ [5, 7, 8, 2]",111,45,16
82,"[5, 9, 9, 9] ⋅ [4, 7, 1, 8]",164,20,72
83,"[8, 1, 5, 4] ⋅ [0, 4, 8, 2]",52,0,8
84,"[3, 7, 2, 0] ⋅ [7, 1, 0, 9]",28,21,0
85,"[0, 8, 0, 6] ⋅ [6, 3, 1, 5]",54,0,30
86,"[9, 4, 0, 8] ⋅ [2, 3, 0, 4]",62,18,32
87,"[9, 8, 5, 5] ⋅ [3, 7, 1, 5]",113,27,25
88,"[4, 5, 1, 2] ⋅ [6, 8, 9, 0]",73,24,0
89,"[2, 8, 8, 2] ⋅ [9, 4, 5, 1]",92,18,2
90,"[3, 6, 0, 5] ⋅ [2, 2, 0, 0]",18,6,0
91,"[5, 0, 8, 3] ⋅ [9, 0, 2, 3]",70,45,9
92,"[8, 1, 3, 8] ⋅ [1, 1, 8, 0]",33,8,0
93,"[8, 7, 6, 0] ⋅ [8, 8, 0, 1]",120,64,0
94,"[3, 4, 1, 6] ⋅ [0, 6, 7, 4]",55,0,24
95,"[0, 5, 5, 3] ⋅ [6, 6, 7, 6]",83,0,18
96,"[7, 8, 8, 4] ⋅ [7, 5, 6, 5]",157,49,20
97,"[7, 7, 5, 3] ⋅ [3, 0, 1, 9]",53,21,27
98,"[1, 1, 2, 2] ⋅ [3, 9, 1, 7]",28,3,14
99,"[6, 3, 2, 9] ⋅ [5, 9, 8, 9]",154,30,81
100,"[3, 8, 9, 6] ⋅ [5, 7, 3, 6]",134,15,36
101,"[1, 8, 9, 5] ⋅ [5, 5, 2, 5]",88,5,25
102,"[0, 5, 9, 3] ⋅ [8, 6, 8, 8]",126,0,24
103,"[7, 2, 7, 2] ⋅ [7, 5, 1, 6]",78,49,12
104,"[2, 2, 0, 2] ⋅ [7, 5, 9, 5]",34,14,10
105,"[3, 8, 3, 6] ⋅ [6, 0, 5, 3]",51,18,18
106,"[0, 9, 8, 7] ⋅ [7, 7, 8, 6]",169,0,42
107,"[3, 8, 3, 7] ⋅ [3, 1, 5, 7]",81,9,49
108,"[2, 5, 1, 7] ⋅ [7, 5, 7, 1]",53,14,7
109,"[4, 8, 3, 0] ⋅ [9, 0, 7, 5]",57,36,0
110,"[9, 2, 1, 3] ⋅ [3, 2, 5, 2]",42,27,6
111,"[0, 8, 4, 6] ⋅ [7, 6, 4, 7]",106,0,42
112,"[7, 1, 2, 9] ⋅ [7, 0, 6, 7]",124,49,63
113,"[9, 1, 8, 9] ⋅ [8, 6, 4, 0]",110,72,0
114,"[2, 4, 3, 1] ⋅ [7, 9, 2, 9]",65,14,9
115,"[2, 0, 5, 9] ⋅ [2, 4, 8, 9]",125,4,81
116,"[2, 9, 9, 6] ⋅ [0, 1, 1, 9]",72,0,54
117,"[7, 7, 2, 8] ⋅ [4, 8, 9, 4]",134,28,32
118,"[0, 0, 0, 8] ⋅ [1, 8, 5, 9]",72,0,72
119,"[1, 9, 2, 8] ⋅ [2, 5, 7, 1]",69,2,8
120,"[1, 0, 7, 7] ⋅ [6, 4, 4, 9]",97,6,63
121,"[1, 9, 5, 9] ⋅ [9, 5, 1, 7]",122,9,63
122,"[5, 3, 8, 6] ⋅ [5, 5, 7, 5]",126,25,30
123,"[6, 7, 5, 4] ⋅ [6, 6, 9, 3]",135,36,12
124,"[3, 7, 9, 3] ⋅ [6, 1, 8, 4]",109,18,12
125,"[5, 0, 6, 7] ⋅ [5, 1, 1, 7]",80,25,49
126,"[3, 7, 9, 7] ⋅ [1, 3, 4, 2]",74,3,14
127,"[8, 3, 0, 0] ⋅ [6, 0, 3, 4]",48,48,0
128,"[3, 1, 7, 7] ⋅ [4, 5, 0, 2]",31,12,14
129,"[3, 0, 2, 0] ⋅ [8, 3, 7, 5]",38,24,0
130,"[5, 0, 1, 3] ⋅ [1, 3, 1, 1]",9,5,3
131,"[3, 3, 9, 6] ⋅ [2, 9, 4, 5]",99,6,30
132,"[5, 4, 0, 8] ⋅ [6, 3, 4, 3]",66,30,24
133,"[9, 5, 4, 6] ⋅ [6, 2, 8, 0]",96,54,0
134,"[6, 7, 5, 4] ⋅ [3, 1, 5, 4]",66,18,16
135,"[4, 2, 9, 8] ⋅ [4, 8, 7, 7]",151,16,56
136,"[9, 9, 8, 6] ⋅ [0, 1, 7, 6]",101,0,36
137,"[1, 6, 2, 3] ⋅ [2, 1, 9, 7]",47,2,21
138,"[2, 3, 1, 4] ⋅ [7, 1, 2, 5]",39,14,20
139,"[0, 3, 8, 9] ⋅ [3, 6, 4, 2]",68,0,18
140,"[1, 8, 4, 6] ⋅ [2, 2, 7, 8]",94,2,48
141,"[5, 5, 7, 7] ⋅ [7, 1, 1, 3]",68,35,21
142,"[4, 0, 4, 8] ⋅ [4, 5, 3, 3]",52,16,24
143,"[9, 9, 6, 6] ⋅ [1, 3, 0, 8]",84,9,48
144,"[2, 6, 7, 0] ⋅ [5, 6, 5, 2]",81,10,0
145,"[6, 8, 4, 0] ⋅ [1, 0, 7, 8]",34,6,0
146,"[6, 4, 3, 4] ⋅ [3, 1, 9, 8]",81,18,32
147,"[2, 5, 4, 2] ⋅ [9, 8, 2, 6]",78,18,12
148,"[5, 1, 6, 6] ⋅ [0, 4, 4, 2]",40,0,12
149,"[2, 4, 5, 4] ⋅ [6, 5, 3, 8]",79,12,32
150,"[0, 1, 8, 1] ⋅ [9, 4, 4, 3]",39,0,3
151,"[2, 8, 5, 6] ⋅ [2, 5, 0, 4]",68,4,24
152,"[9, 2, 4, 3] ⋅ [0, 4, 7, 2]",42,0,6
153,"[7, 1, 5, 1] ⋅ [9, 7, 3, 7]",92,63,7
154,"[6, 2, 7, 9] ⋅ [6, 9, 3, 1]",84,36,9
155,"[0, 1, 4, 1] ⋅ [1, 8, 5, 7]",35,0,7
156,"[4, 5, 4, 7] ⋅ [3, 4, 0, 5]",67,12,35
157,"[6, 1, 6, 5] ⋅ [7, 1, 0, 7]",78,42,35
158,"[2, 9, 9, 6] ⋅ [3, 7, 3, 8]",144,6,48
159,"[1, 3, 7, 2] ⋅ [2, 8, 7, 7]",89,2,14
160,"[6, 5, 2, 9] ⋅ [8, 3, 0, 0]",63,48,0
161,"[2, 1, 5, 2] ⋅ [6, 8, 1, 0]",25,12,0
162,"[2, 0, 3, 3] ⋅ [8, 0, 0, 8]",40,16,24
163,"[2, 5, 2, 8] ⋅ [6, 3, 4, 0]",35,12,0
164,"[4, 1, 0, 2] ⋅ [9, 0, 1, 9]",54,36,18
165,"[3, 4, 1, 2] ⋅ [2, 8, 2, 4]",48,6,8
166,"[7, 7, 6, 0] ⋅ [0, 1, 6, 7]",43,0,0
167,"[0, 0, 4, 2] ⋅ [4, 3, 9, 7]",50,0,14
168,"[2, 0, 9, 7] ⋅ [8, 0, 4, 1]",59,16,7
169,"[0, 3, 0, 1] ⋅ [4, 1, 6, 6]",9,0,6
170,"[3, 8, 4, 3] ⋅ [2, 5, 2, 9]",81,6,27
171,"[9, 6, 2, 3] ⋅ [7, 2, 8, 1]",94,63,3
172,"[9, 3, 6, 1] ⋅ [9, 9, 5, 9]",147,81,9
173,"[7, 3, 9, 0] ⋅ [0, 6, 8, 1]",90,0,0
174,"[6, 1, 5, 3] ⋅ [9, 4, 7, 2]",99,54,6
175,"[0, 0, 5, 5] ⋅ [7, 8, 8, 7]",75,0,35
176,"[8, 3, 7, 3] ⋅ [2, 1, 1, 5]",41,16,15
177,"[0, 1, 2, 1] ⋅ [4, 9, 7, 0]",23,0,0
178,"[5, 3, 3, 0] ⋅ [7, 6, 2, 4]",59,35,0
179,"[6, 8, 3, 8] ⋅ [3, 9, 7, 1]",119,18,8
180,"[6, 0, 2, 7] ⋅ [3, 8, 2, 6]",64,18,42
181,"[4, 2, 9, 1] ⋅ [9, 4, 8, 1]",117,36,1
182,"[1, 4, 9, 0] ⋅ [3, 6, 0, 3]",27,3,0
183,"[3, 0, 3, 6] ⋅ [4, 8, 7, 2]",45,12,12
184,"[1, 4, 4, 0] ⋅ [8, 5, 2, 2]",36,8,0
185,"[1, 7, 7, 5] ⋅ [7, 0, 5, 3]",57,7,15
186,"[7, 6, 0, 3] ⋅ [8, 1, 9, 3]",71,56,9
187,"[6, 7, 4, 3] ⋅ [7, 8, 7, 1]",129,42,3
188,"[3, 8, 8, 5] ⋅ [4, 0, 3, 9]",81,12,45
189,"[8, 5, 3, 8] ⋅ [3, 6, 0, 8]",118,24,64
190,"[2, 1, 7, 6] ⋅ [8, 3, 7, 6]",104,16,36
191,"[1, 5, 7, 8] ⋅ [7, 8, 9, 9]",182,7,72
192,"[4, 7, 6, 3] ⋅ [0, 5, 3, 9]",80,0,27
193,"[2, 7, 2, 1] ⋅ [3, 1, 6, 8]",33,6,8
194,"[6, 1, 4, 1] ⋅ [8, 9, 1, 0]",61,48,0
195,"[2, 2, 2, 4] ⋅ [9, 5, 0, 6]",52,18,24
196,"[1, 9, 2, 0] ⋅ [4, 4, 4, 1]",48,4,0
197,"[9, 4, 6, 2] ⋅ [0, 9, 0, 9]",54,0,18
198,"[9, 7, 1, 8] ⋅ [2, 3, 8, 9]",119,18,72
199,"[0, 9, 0, 5] ⋅ [7, 2, 6, 5]",43,0,25
200,"[7, 6, 6, 2] ⋅ [0, 8, 5, 6]",90,0,12
201,"[6, 4, 7, 2] ⋅ [4, 2, 9, 2]",99,24,4
202,"[0, 9, 3, 6] ⋅ [2, 9, 9, 8]",156,0,48
203,"[6, 2, 6, 0] ⋅ [4, 0, 0, 6]",24,24,0
204,"[4, 9, 6, 1] ⋅ [0, 5, 3, 4]",67,0,4
205,"[5, 3, 5, 8] ⋅ [2, 1, 5, 3]",62,10,24
206,"[0, 3, 1, 5] ⋅ [9, 0, 1, 4]",21,0,20
207,"[3, 9, 8, 8] ⋅ [0, 5, 3, 9]",141,0,72
208,"[2, 6, 3, 5] ⋅ [1, 1, 4, 9]",65,2,45
209,"[9, 7, 8, 3] ⋅ [8, 7, 0, 0]",121,72,0
210,"[0, 5, 5, 6] ⋅ [7, 8, 8, 4]",104,0,24
211,"[1, 2, 1, 5] ⋅ [3, 9, 9, 9]",75,3,45
212,"[3, 0, 8, 8] ⋅ [0, 4, 5, 1]",48,0,8
213,"[8, 9, 0, 4] ⋅ [7, 4, 1, 7]",120,56,28
214,"[2, 3, 7, 0] ⋅ [6, 8, 0, 3]",36,12,0
215,"[0, 3, 0, 9] ⋅ [6, 4, 3, 0]",12,0,0
216,"[5, 5, 2, 5] ⋅ [4, 9, 6, 7]",112,20,35
217,"[2, 3, 2, 6] ⋅ [1, 3, 9, 3]",47,2,18
218,"[2, 0, 8, 8] ⋅ [0, 1, 3, 5]",64,0,40
219,"[1, 7, 6, 9] ⋅ [2, 1, 0, 5]",54,2,45
220,"[8, 3, 9, 0] ⋅ [1, 3, 7, 0]",80,8,0
221,"[4, 9, 7, 6] ⋅ [4, 6, 2, 6]",120,16,36
222,"[9, 2, 2, 8] ⋅ [0, 9, 8, 6]",82,0,48
223,"[5, 8, 6, 5] ⋅ [5, 4, 3, 6]",105,25,30
224,"[4, 2, 9, 1] ⋅ [9, 2, 3, 8]",75,36,8
225,"[0, 4, 1, 5] ⋅ [4, 3, 8, 1]",25,0,5
226,"[9, 3, 2, 8] ⋅ [9, 4, 8, 2]",125,81,16
227,"[5, 1, 0, 6] ⋅ [2, 5, 1, 5]",45,10,30
228,"[0, 0, 2, 1] ⋅ [3, 4, 2, 9]",13,0,9
229,"[6, 2, 7, 1] ⋅ [4, 9, 2, 1]",57,24,1
230,"[2, 2, 0, 4] ⋅ [5, 8, 1, 3]",38,10,12
231,"[2, 9, 9, 5] ⋅ [6, 2, 8, 6]",132,12,30
232,"[1, 6, 9, 2] ⋅ [7, 1, 8, 1]",87,7,2
233,"[2, 7, 1, 6] ⋅ [7, 5, 8, 7]",99,14,42
234,"[4, 7, 1, 2] ⋅ [8, 8, 4, 1]",94,32,2
235,"[4, 4, 1, 6] ⋅ [3, 9, 5, 9]",107,12,54
236,"[4, 0, 3, 9] ⋅ [5, 3, 2, 4]",62,20,36
237,"[8, 9, 9, 2] ⋅ [0, 0, 9, 3]",87,0,6
238,"[5, 8, 6, 1] ⋅ [7, 8, 2, 9]",120,35,9
239,"[0, 9, 3, 5] ⋅ [1, 3, 1, 0]",30,0,0
240,"[2, 8, 1, 6] ⋅ [2, 8, 3, 5]",101,4,30
241,"[0, 1, 2, 1] ⋅ [7, 4, 0, 4]",8,0,4
242,"[2, 6, 1, 9] ⋅ [3, 2, 2, 7]",83,6,63
243,"[0, 0, 6, 7] ⋅ [6, 4, 3, 6]",60,0,42
244,"[8, 6, 0, 3] ⋅ [2, 9, 2, 5]",85,16,15
245,"[9, 2, 4, 2] ⋅ [9, 1, 9, 4]",127,81,8
246,"[6, 0, 8, 7] ⋅ [1, 5, 8, 0]",70,6,0
247,"[6, 7, 9, 0] ⋅ [1, 7, 8, 1]",127,6,0
248,"[3, 7, 4, 5] ⋅ [6, 3, 5, 0]",59,18,0
249,"[0, 5, 2, 3] ⋅ [1, 0, 9, 4]",30,0,12
250,"[7, 1, 3, 5] ⋅ [1, 4, 5, 1]",31,7,5
251,"[9, 4, 4, 0] ⋅ [4, 0, 0, 9]",36,36,0
252,"[5, 0, 0, 0] ⋅ [6, 9, 2, 1]",30,30,0
253,"[5, 8, 4, 4] ⋅ [7, 5, 2, 0]",83,35,0
254,"[5, 8, 6, 0] ⋅ [0, 6, 8, 3]",96,0,0
255,"[3, 9, 1, 7] ⋅ [8, 3, 2, 6]",95,24,42
256,"[5, 8, 8, 5] ⋅ [5, 2, 8, 4]",125,25,20
257,"[2, 2, 9, 6] ⋅ [6, 6, 0, 1]",30,12,6
258,"[8, 8, 3, 4] ⋅ [6, 9, 0, 6]",144,48,24
259,"[6, 2, 1, 6] ⋅ [5, 3, 3, 3]",57,30,18
260,"[5, 1, 2, 2] ⋅ [4, 4, 9, 3]",48,20,6
261,"[5, 6, 9, 4] ⋅ [5, 3, 1, 6]",76,25,24
262,"[4, 1, 4, 7] ⋅ [0, 8, 6, 5]",67,0,35
263,"[6, 1, 3, 9] ⋅ [5, 8, 9, 4]",101,30,36
264,"[9, 0, 2, 2] ⋅ [3, 2, 7, 6]",53,27,12
265,"[3, 9, 3, 6] ⋅ [3, 6, 7, 1]",90,9,6
266,"[6, 2, 1, 1] ⋅ [6, 0, 7, 2]",45,36,2
267,"[5, 2, 4, 5] ⋅ [2, 1, 5, 9]",77,10,45
268,"[9, 3, 6, 3] ⋅ [9, 0, 0, 0]",81,81,0
269,"[7, 0, 6, 9] ⋅ [4, 5, 8, 1]",85,28,9
270,"[6, 1, 2, 0] ⋅ [1, 8, 7, 4]",28,6,0
271,"[1, 1, 6, 7] ⋅ [5, 6, 7, 4]",81,5,28
272,"[0, 5, 7, 7] ⋅ [0, 5, 6, 7]",116,0,49
273,"[8, 7, 0, 1] ⋅ [6, 8, 9, 9]",113,48,9
274,"[5, 3, 7, 5] ⋅ [9, 8, 4, 5]",122,45,25
275,"[4, 9, 1, 4] ⋅ [9, 1, 1, 5]",66,36,20
276,"[8, 8, 5, 7] ⋅ [1, 5, 2, 2]",72,8,14
277,"[8, 8, 7, 6] ⋅ [0, 3, 9, 9]",141,0,54
278,"[0, 3, 3, 5] ⋅ [8, 6, 3, 9]",72,0,45
279,"[9, 5, 4, 9] ⋅ [0, 5, 7, 4]",89,0,36
280,"[9, 5, 2, 4] ⋅ [8, 9, 4, 6]",149,72,24
281,"[4, 1, 8, 4] ⋅ [3, 7, 3, 7]",71,12,28
282,"[1, 5, 4, 1] ⋅ [8, 4, 1, 3]",35,8,3
283,"[4, 0, 6, 9] ⋅ [7, 8, 3, 2]",64,28,18
284,"[0, 8, 5, 8] ⋅ [3, 1, 6, 9]",110,0,72
285,"[0, 2, 1, 3] ⋅ [5, 7, 4, 9]",45,0,27
286,"[4, 8, 7, 0] ⋅ [7, 3, 7, 2]",101,28,0
287,"[7, 9, 1, 5] ⋅ [8, 3, 2, 5]",110,56,25
288,"[8, 1, 8, 9] ⋅ [9, 1, 0, 5]",118,72,45
289,"[4, 0, 9, 8] ⋅ [0, 7, 1, 9]",81,0,72
290,"[6, 7, 2, 2] ⋅ [9, 0, 4, 7]",76,54,14
291,"[4, 6, 9, 9] ⋅ [4, 6, 9, 5]",178,16,45
292,"[3, 0, 4, 2] ⋅ [8, 6, 5, 9]",62,24,18
293,"[1, 8, 0, 2] ⋅ [2, 4, 4, 8]",50,2,16
294,"[1, 6, 8, 0] ⋅ [8, 9, 2, 5]",78,8,0
295,"[3, 0, 5, 5] ⋅ [8, 8, 8, 3]",79,24,15
296,"[6, 3, 1, 3] ⋅ [5, 5, 6, 0]",51,30,0
297,"[1, 7, 7, 1] ⋅ [9, 2, 0, 2]",25,9,2
298,"[3, 7, 1, 7] ⋅ [1, 0, 3, 1]",13,3,7
299,"[1, 7, 8, 8] ⋅ [0, 5, 0, 4]",67,0,32
300,"[6, 1, 2, 3] ⋅ [9, 8, 7, 1]",79,54,3
301,"[0, 0, 7, 7] ⋅ [9, 1, 7, 6]",91,0,42
302,"[3, 6, 0, 4] ⋅ [9, 6, 9, 4]",79,27,16
303,"[5, 7, 1, 0] ⋅ [5, 2, 9, 4]",48,25,0
304,"[2, 3, 0, 8] ⋅ [7, 4, 2, 6]",74,14,48
305,"[5, 3, 0, 9] ⋅ [2, 0, 9, 4]",46,10,36
306,"[3, 1, 9, 6] ⋅ [5, 5, 4, 3]",74,15,18
307,"[5, 5, 7, 7] ⋅ [4, 3, 3, 4]",84,20,28
308,"[3, 6, 0, 0] ⋅ [7, 8, 0, 2]",69,21,0
309,"[8, 4, 8, 3] ⋅ [5, 2, 9, 6]",138,40,18
310,"[3, 2, 0, 9] ⋅ [0, 5, 6, 9]",91,0,81
311,"[2, 5, 7, 2] ⋅ [9, 6, 9, 9]",129,18,18
312,"[2, 2, 9, 0] ⋅ [5, 0, 5, 7]",55,10,0
313,"[5, 3, 7, 4] ⋅ [1, 1, 8, 9]",100,5,36
314,"[9, 1, 2, 4] ⋅ [9, 5, 8, 1]",106,81,4
315,"[2, 9, 5, 4] ⋅ [9, 6, 6, 6]",126,18,24
316,"[9, 8, 4, 9] ⋅ [3, 0, 8, 1]",68,27,9
317,"[8, 0, 7, 7] ⋅ [5, 8, 4, 6]",110,40,42
318,"[3, 2, 6, 2] ⋅ [3, 2, 3, 3]",37,9,6
319,"[2, 6, 1, 0] ⋅ [5, 6, 7, 4]",53,10,0
320,"[7, 5, 2, 1] ⋅ [1, 3, 4, 1]",31,7,1
321,"[2, 9, 3, 2] ⋅ [5, 9, 9, 3]",124,10,6
322,"[3, 3, 6, 7] ⋅ [4, 7, 4, 4]",85,12,28
323,"[7, 6, 4, 4] ⋅ [7, 8, 9, 5]",153,49,20
324,"[4, 0, 5, 5] ⋅ [3, 0, 3, 1]",32,12,5
325,"[9, 5, 6, 3] ⋅ [7, 9, 0, 5]",123,63,15
326,"[2, 1, 9, 5] ⋅ [9, 6, 6, 7]",113,18,35
327,"[0, 2, 4, 0] ⋅ [6, 0, 4, 7]",16,0,0
328,"[3, 6, 9, 5] ⋅ [9, 6, 8, 7]",170,27,35
329,"[8, 1, 4, 4] ⋅ [5, 0, 9, 0]",76,40,0
330,"[5, 1, 2, 0] ⋅ [8, 9, 6, 9]",61,40,0
331,"[6, 5, 4, 3] ⋅ [7, 1, 9, 6]",101,42,18
332,"[1, 0, 8, 1] ⋅ [2, 5, 0, 6]",8,2,6
333,"[9, 0, 5, 3] ⋅ [5, 7, 3, 3]",69,45,9
334,"[5, 9, 2, 7] ⋅ [9, 4, 0, 3]",102,45,21
335,"[8, 9, 0, 1] ⋅ [3, 4, 6, 4]",64,24,4
336,"[8, 5, 8, 9] ⋅ [7, 7, 8, 8]",227,56,72
337,"[3, 7, 2, 7] ⋅ [7, 9, 8, 7]",149,21,49
338,"[2, 6, 9, 5] ⋅ [3, 7, 6, 1]",107,6,5
339,"[6, 0, 7, 1] ⋅ [6, 9, 5, 7]",78,36,7
340,"[6, 1, 5, 4] ⋅ [8, 9, 7, 9]",128,48,36
341,"[3, 9, 1, 1] ⋅ [3, 6, 9, 8]",80,9,8
342,"[2, 3, 9, 7] ⋅ [9, 8, 9, 3]",144,18,21
343,"[6, 9, 3, 4] ⋅ [5, 9, 2, 1]",121,30,4
344,"[2, 3, 0, 1] ⋅ [2, 2, 5, 0]",10,4,0
345,"[3, 6, 3, 9] ⋅ [7, 1, 3, 3]",63,21,27
346,"[3, 1, 2, 6] ⋅ [7, 1, 7, 6]",72,21,36
347,"[0, 3, 1, 2] ⋅ [7, 6, 8, 6]",38,0,12
348,"[0, 3, 9, 1] ⋅ [2, 8, 4, 5]",65,0,5
349,"[0, 9, 0, 5] ⋅ [9, 8, 0, 7]",107,0,35
350,"[4, 2, 6, 1] ⋅ [3, 2, 6, 2]",54,12,2
351,"[3, 5, 2, 0] ⋅ [9, 5, 8, 2]",68,27,0
352,"[1, 1, 9, 9] ⋅ [5, 3, 8, 4]",116,5,36
353,"[2, 1, 9, 3] ⋅ [6, 3, 9, 3]",105,12,9
354,"[2, 7, 4, 1] ⋅ [9, 8, 4, 4]",94,18,4
355,"[4, 0, 0, 1] ⋅ [8, 3, 4, 0]",32,32,0
356,"[0, 6, 8, 7] ⋅ [1, 2, 8, 4]",104,0,28
357,"[9, 1, 4, 5] ⋅ [8, 3, 9, 9]",156,72,45
358,"[4, 1, 2, 1] ⋅ [1, 3, 9, 7]",32,4,7
359,"[7, 0, 3, 8] ⋅ [1, 1, 4, 2]",35,7,16
360,"[3, 7, 7, 9] ⋅ [0, 9, 3, 1]",93,0,9
361,"[1, 6, 8, 0] ⋅ [5, 5, 6, 4]",83,5,0
362,"[3, 9, 9, 1] ⋅ [5, 4, 3, 7]",85,15,7
363,"[2, 0, 0, 6] ⋅ [3, 5, 0, 2]",18,6,12
364,"[9, 1, 5, 3] ⋅ [2, 2, 7, 1]",58,18,3
365,"[4, 4, 7, 1] ⋅ [0, 9, 9, 1]",100,0,1
366,"[9, 7, 5, 2] ⋅ [3, 7, 1, 9]",99,27,18
367,"[9, 1, 0, 1] ⋅ [7, 6, 0, 2]",71,63,2
368,"[5, 4, 2, 3] ⋅ [7, 5, 6, 5]",82,35,15
369,"[4, 1, 1, 3] ⋅ [8, 1, 7, 0]",40,32,0
370,"[6, 2, 6, 1] ⋅ [8, 5, 0, 9]",67,48,9
371,"[2, 9, 1, 1] ⋅ [4, 2, 0, 5]",31,8,5
372,"[2, 4, 2, 5] ⋅ [1, 8, 8, 8]",90,2,40
373,"[2, 8, 9, 9] ⋅ [3, 4, 8, 4]",146,6,36
374,"[7, 3, 5, 6] ⋅ [1, 8, 3, 2]",58,7,12
375,"[7, 3, 0, 2] ⋅ [2, 0, 7, 8]",30,14,16
376,"[9, 8, 9, 4] ⋅ [9, 1, 8, 7]",189,81,28
377,"[3, 8, 5, 9] ⋅ [5, 2, 8, 8]",143,15,72
378,"[8, 6, 9, 5] ⋅ [6, 4, 3, 3]",114,48,15
379,"[5, 2, 7, 2] ⋅ [7, 3, 8, 0]",97,35,0
380,"[1, 2, 3, 0] ⋅ [6, 1, 8, 7]",32,6,0
381,"[4, 5, 4, 0] ⋅ [5, 9, 9, 8]",101,20,0
382,"[9, 2, 6, 9] ⋅ [3, 4, 9, 7]",152,27,63
383,"[4, 7, 2, 3] ⋅ [8, 5, 5, 6]",95,32,18
384,"[0, 8, 2, 8] ⋅ [7, 7, 2, 6]",108,0,48
385,"[4, 1, 5, 6] ⋅ [6, 8, 4, 7]",94,24,42
386,"[3, 0, 2, 4] ⋅ [5, 7, 3, 1]",25,15,4
387,"[6, 5, 9, 1] ⋅ [8, 9, 5, 7]",145,48,7
388,"[8, 2, 5, 8] ⋅ [6, 1, 1, 2]",71,48,16
389,"[7, 5, 0, 8] ⋅ [7, 0, 0, 4]",81,49,32
390,"[8, 1, 7, 6] ⋅ [7, 5, 5, 8]",144,56,48
391,"[7, 0, 4, 7] ⋅ [7, 0, 7, 6]",119,49,42
392,"[8, 3, 8, 2] ⋅ [1, 3, 9, 8]",105,8,16
393,"[2, 4, 9, 9] ⋅ [5, 3, 6, 7]",139,10,63
394,"[5, 6, 1, 3] ⋅ [9, 0, 5, 4]",62,45,12
395,"[4, 9, 8, 6] ⋅ [1, 1, 3, 8]",85,4,48
396,"[5, 2, 6, 6] ⋅ [2, 8, 8, 5]",104,10,30
397,"[0, 2, 6, 6] ⋅ [7, 3, 3, 4]",48,0,24
398,"[4, 6, 8, 0] ⋅ [1, 2, 5, 4]",56,4,0
399,"[6, 1, 1, 2] ⋅ [9, 5, 6, 7]",79,54,14
400,"[4, 8, 4, 0] ⋅ [5, 7, 4, 9]",92,20,0
401,"[1, 6, 2, 2] ⋅ [0, 9, 3, 6]",72,0,12
402,"[1, 0, 2, 7] ⋅ [6, 1, 8, 9]",85,6,63
403,"[4, 7, 8, 2] ⋅ [6, 7, 5, 6]",125,24,12
404,"[8, 4, 6, 7] ⋅ [9, 9, 3, 2]",140,72,14
405,"[8, 5, 4, 7] ⋅ [4, 4, 7, 0]",80,32,0
406,"[1, 2, 4, 5] ⋅ [0, 1, 7, 2]",40,0,10
407,"[7, 8, 6, 4] ⋅ [7, 0, 2, 5]",81,49,20
408,"[0, 6, 5, 4] ⋅ [1, 5, 5, 1]",59,0,4
409,"[1, 4, 3, 5] ⋅ [2, 8, 1, 1]",42,2,5
410,"[2, 3, 9, 8] ⋅ [0, 7, 0, 9]",93,0,72
411,"[0, 6, 9, 5] ⋅ [9, 6, 9, 5]",142,0,25
412,"[7, 9, 4, 3] ⋅ [9, 1, 6, 9]",123,63,27
413,"[7, 8, 9, 9] ⋅ [5, 2, 1, 3]",87,35,27
414,"[9, 5, 3, 8] ⋅ [3, 7, 2, 6]",116,27,48
415,"[6, 2, 3, 0] ⋅ [7, 1, 3, 9]",53,42,0
416,"[9, 8, 1, 7] ⋅ [2, 5, 6, 0]",64,18,0
417,"[3, 4, 6, 6] ⋅ [6, 8, 9, 3]",122,18,18
418,"[6, 1, 9, 9] ⋅ [9, 8, 0, 0]",62,54,0
419,"[2, 5, 4, 4] ⋅ [9, 5, 2, 0]",51,18,0
420,"[0, 7, 9, 7] ⋅ [3, 5, 8, 1]",114,0,7
421,"[3, 1, 3, 0] ⋅ [2, 1, 0, 5]",7,6,0
422,"[9, 5, 5, 6] ⋅ [8, 2, 9, 9]",181,72,54
423,"[9, 4, 7, 6] ⋅ [5, 2, 5, 6]",124,45,36
424,"[6, 5, 3, 1] ⋅ [4, 5, 4, 6]",67,24,6
425,"[2, 6, 2, 5] ⋅ [4, 6, 6, 7]",91,8,35
426,"[9, 8, 3, 9] ⋅ [8, 0, 9, 5]",144,72,45
427,"[1, 9, 8, 6] ⋅ [5, 0, 4, 4]",61,5,24
428,"[8, 8, 6, 6] ⋅ [0, 3, 9, 6]",114,0,36
429,"[6, 3, 4, 1] ⋅ [6, 9, 7, 0]",91,36,0
430,"[9, 1, 0, 1] ⋅ [7, 0, 5, 6]",69,63,6
431,"[9, 8, 1, 9] ⋅ [1, 4, 9, 6]",104,9,54
432,"[3, 9, 3, 6] ⋅ [4, 3, 6, 3]",75,12,18
433,"[1, 7, 1, 3] ⋅ [3, 4, 8, 0]",39,3,0
434,"[7, 1, 4, 7] ⋅ [4, 0, 9, 8]",120,28,56
435,"[8, 6, 7, 9] ⋅ [2, 1, 1, 4]",65,16,36
436,"[8, 5, 4, 6] ⋅ [7, 8, 6, 6]",156,56,36
437,"[5, 6, 3, 2] ⋅ [2, 8, 5, 9]",91,10,18
438,"[5, 1, 2, 9] ⋅ [5, 0, 7, 6]",93,25,54
439,"[9, 8, 7, 4] ⋅ [5, 5, 5, 6]",144,45,24
440,"[0, 6, 7, 1] ⋅ [6, 6, 7, 0]",85,0,0
441,"[9, 2, 1, 3] ⋅ [2, 9, 5, 9]",68,18,27
442,"[2, 3, 3, 2] ⋅ [8, 2, 8, 0]",46,16,0
443,"[9, 2, 4, 2] ⋅ [7, 0, 3, 4]",83,63,8
444,"[0, 0, 2, 4] ⋅ [3, 1, 8, 0]",16,0,0
445,"[8, 9, 2, 1] ⋅ [8, 7, 0, 9]",136,64,9
446,"[7, 9, 1, 2] ⋅ [7, 2, 9, 9]",94,49,18
447,"[5, 7, 6, 8] ⋅ [6, 1, 5, 3]",91,30,24
448,"[9, 2, 9, 9] ⋅ [3, 0, 0, 4]",63,27,36
449,"[6, 7, 9, 7] ⋅ [7, 6, 7, 2]",161,42,14
450,"[6, 7, 1, 8] ⋅ [6, 1, 3, 9]",118,36,72
451,"[2, 8, 1, 4] ⋅ [0, 7, 7, 5]",83,0,20
452,"[2, 4, 9, 7] ⋅ [0, 1, 0, 1]",11,0,7
453,"[1, 4, 3, 8] ⋅ [2, 4, 4, 5]",70,2,40
454,"[9, 8, 1, 6] ⋅ [6, 1, 4, 2]",78,54,12
455,"[0, 0, 8, 5] ⋅ [9, 1, 8, 5]",89,0,25
456,"[0, 1, 8, 1] ⋅ [3, 9, 7, 5]",70,0,5
457,"[8, 2, 2, 3] ⋅ [5, 5, 8, 5]",81,40,15
458,"[4, 7, 5, 3] ⋅ [3, 7, 2, 7]",92,12,21
459,"[1, 5, 5, 3] ⋅ [5, 7, 6, 5]",85,5,15
460,"[9, 7, 2, 9] ⋅ [6, 3, 2, 5]",124,54,45
461,"[1, 2, 6, 6] ⋅ [9, 4, 3, 5]",65,9,30
462,"[6, 9, 4, 3] ⋅ [6, 6, 4, 1]",109,36,3
463,"[0, 2, 9, 1] ⋅ [8, 3, 4, 9]",51,0,9
464,"[9, 7, 3, 7] ⋅ [3, 9, 4, 6]",144,27,42
465,"[8, 3, 5, 0] ⋅ [8, 4, 5, 2]",101,64,0
466,"[9, 0, 4, 8] ⋅ [1, 8, 6, 7]",89,9,56
467,"[1, 7, 6, 1] ⋅ [6, 4, 3, 3]",55,6,3
468,"[1, 3, 3, 1] ⋅ [1, 6, 7, 9]",49,1,9
469,"[9, 4, 1, 4] ⋅ [0, 5, 8, 6]",52,0,24
470,"[0, 4, 0, 9] ⋅ [3, 7, 1, 4]",64,0,36
471,"[2, 3, 9, 0] ⋅ [7, 4, 1, 0]",35,14,0
472,"[7, 0, 4, 3] ⋅ [1, 4, 5, 7]",48,7,21
473,"[0, 7, 3, 4] ⋅ [0, 5, 8, 5]",79,0,20
474,"[5, 5, 7, 0] ⋅ [5, 3, 4, 0]",68,25,0
475,"[4, 2, 6, 2] ⋅ [2, 4, 2, 8]",44,8,16
476,"[5, 0, 8, 1] ⋅ [0, 1, 8, 5]",69,0,5
477,"[4, 2, 5, 1] ⋅ [3, 2, 9, 8]",69,12,8
478,"[1, 2, 4, 1] ⋅ [7, 9, 4, 9]",50,7,9
479,"[3, 6, 3, 4] ⋅ [6, 3, 7, 1]",61,18,4
480,"[8, 7, 5, 6] ⋅ [6, 0, 6, 1]",84,48,6
481,"[3, 6, 5, 3] ⋅ [1, 1, 0, 3]",18,3,9
482,"[1, 6, 7, 5] ⋅ [7, 3, 5, 2]",70,7,10
483,"[3, 9, 8, 8] ⋅ [6, 6, 9, 6]",192,18,48
484,"[9, 5, 4, 4] ⋅ [4, 4, 7, 1]",88,36,4
485,"[9, 9, 6, 3] ⋅ [5, 3, 7, 2]",120,45,6
486,"[1, 1, 3, 0] ⋅ [6, 2, 1, 5]",11,6,0
487,"[1, 5, 3, 6] ⋅ [8, 9, 1, 7]",98,8,42
488,"[1, 2, 5, 4] ⋅ [3, 5, 2, 0]",23,3,0
489,"[0, 2, 8, 5] ⋅ [8, 3, 8, 9]",115,0,45
490,"[6, 4, 3, 9] ⋅ [0, 8, 5, 7]",110,0,63
491,"[1, 2, 5, 3] ⋅ [0, 4, 6, 0]",38,0,0
492,"[1, 5, 9, 6] ⋅ [3, 2, 9, 8]",142,3,48
493,"[3, 7, 1, 3] ⋅ [4, 1, 9, 2]",34,12,6
494,"[3, 1, 2, 5] ⋅ [7, 6, 0, 6]",57,21,30
495,"[6, 5, 8, 8] ⋅ [9, 7, 2, 1]",113,54,8
496,"[2, 9, 1, 7] ⋅ [0, 1, 8, 6]",59,0,42
497,"[3, 6, 2, 5] ⋅ [7, 8, 7, 9]",128,21,45
498,"[4, 7, 8, 2] ⋅ [3, 2, 1, 5]",44,12,10
499,"[7, 9, 7, 8] ⋅ [0, 4, 2, 0]",50,0,0
500,"[1, 7, 8, 6] ⋅ [0, 3, 4, 2]",65,0,12
501,"[1, 5, 2, 3] ⋅ [2, 5, 6, 2]",45,2,6
502,"[1, 7, 1, 9] ⋅ [5, 8, 6, 2]",85,5,18
503,"[6, 8, 5, 7] ⋅ [5, 5, 6, 6]",142,30,42
504,"[0, 1, 9, 7] ⋅ [0, 0, 2, 1]",25,0,7
505,"[1, 1, 6, 4] ⋅ [6, 5, 4, 5]",55,6,20
506,"[9, 8, 9, 0] ⋅ [3, 1, 0, 6]",35,27,0
507,"[1, 2, 7, 0] ⋅ [1, 2, 0, 3]",5,1,0
508,"[0, 2, 3, 7] ⋅ [1, 7, 0, 9]",77,0,63
509,"[2, 1, 4, 4] ⋅ [0, 1, 7, 2]",37,0,8
510,"[3, 4, 5, 2] ⋅ [9, 8, 8, 2]",103,27,4
511,"[5, 1, 0, 7] ⋅ [7, 2, 9, 2]",51,35,14
512,"[3, 2, 8, 9] ⋅ [2, 6, 7, 2]",92,6,18
513,"[8, 6, 7, 2] ⋅ [7, 7, 1, 5]",115,56,10
514,"[8, 3, 6, 0] ⋅ [7, 8, 9, 7]",134,56,0
515,"[6, 2, 2, 1] ⋅ [0, 5, 4, 4]",22,0,4
516,"[3, 6, 3, 7] ⋅ [3, 6, 5, 8]",116,9,56
517,"[5, 3, 1, 3] ⋅ [4, 6, 8, 3]",55,20,9
518,"[2, 4, 0, 0] ⋅ [7, 3, 8, 7]",26,14,0
519,"[8, 7, 3, 4] ⋅ [5, 5, 1, 9]",114,40,36
520,"[0, 5, 5, 6] ⋅ [4, 3, 9, 2]",72,0,12
521,"[2, 2, 5, 4] ⋅ [2, 4, 8, 7]",80,4,28
522,"[1, 9, 0, 0] ⋅ [4, 5, 5, 1]",49,4,0
523,"[2, 8, 9, 5] ⋅ [0, 3, 7, 5]",112,0,25
524,"[5, 3, 6, 1] ⋅ [5, 7, 0, 3]",49,25,3
525,"[0, 3, 8, 0] ⋅ [9, 2, 8, 4]",70,0,0
526,"[8, 9, 7, 7] ⋅ [8, 3, 5, 3]",147,64,21
527,"[5, 2, 2, 7] ⋅ [4, 0, 5, 8]",86,20,56
528,"[1, 6, 8, 8] ⋅ [6, 2, 1, 6]",74,6,48
529,"[6, 9, 8, 9] ⋅ [0, 1, 0, 9]",90,0,81
530,"[1, 6, 6, 3] ⋅ [8, 2, 1, 9]",53,8,27
531,"[2, 6, 2, 7] ⋅ [7, 2, 3, 5]",67,14,35
532,"[3, 7, 7, 7] ⋅ [8, 4, 1, 5]",94,24,35
533,"[2, 4, 3, 8] ⋅ [7, 0, 9, 0]",41,14,0
534,"[6, 0, 4, 9] ⋅ [4, 5, 6, 7]",111,24,63
535,"[7, 4, 8, 0] ⋅ [6, 0, 6, 3]",90,42,0
536,"[2, 9, 3, 2] ⋅ [0, 3, 7, 3]",54,0,6
537,"[0, 9, 3, 3] ⋅ [6, 7, 0, 6]",81,0,18
538,"[5, 1, 5, 1] ⋅ [3, 2, 4, 8]",45,15,8
539,"[8, 0, 6, 1] ⋅ [4, 7, 0, 2]",34,32,2
540,"[4, 6, 6, 3] ⋅ [8, 1, 4, 2]",68,32,6
541,"[5, 2, 9, 6] ⋅ [7, 2, 2, 1]",63,35,6
542,"[8, 8, 7, 0] ⋅ [6, 3, 3, 1]",93,48,0
543,"[8, 3, 0, 4] ⋅ [9, 1, 1, 3]",87,72,12
544,"[0, 2, 0, 0] ⋅ [0, 4, 7, 4]",8,0,0
545,"[6, 9, 4, 8] ⋅ [0, 9, 0, 8]",145,0,64
546,"[9, 2, 2, 4] ⋅ [2, 4, 5, 3]",48,18,12
547,"[9, 1, 9, 9] ⋅ [7, 9, 3, 6]",153,63,54
548,"[2, 5, 6, 4] ⋅ [5, 4, 9, 7]",112,10,28
549,"[5, 5, 5, 5] ⋅ [6, 7, 8, 6]",135,30,30
550,"[2, 4, 8, 4] ⋅ [7, 5, 9, 9]",142,14,36
551,"[8, 1, 2, 4] ⋅ [2, 1, 9, 9]",71,16,36
552,"[5, 2, 4, 1] ⋅ [1, 1, 0, 1]",8,5,1
553,"[6, 3, 2, 3] ⋅ [6, 6, 6, 8]",90,36,24
554,"[2, 9, 6, 5] ⋅ [0, 2, 4, 9]",87,0,45
555,"[0, 5, 2, 4] ⋅ [6, 9, 8, 3]",73,0,12
556,"[6, 9, 5, 9] ⋅ [2, 4, 8, 2]",106,12,18
557,"[7, 1, 4, 7] ⋅ [2, 3, 1, 3]",42,14,21
558,"[4, 9, 5, 2] ⋅ [4, 5, 2, 8]",87,16,16
559,"[3, 6, 6, 6] ⋅ [2, 9, 0, 5]",90,6,30
560,"[5, 6, 2, 6] ⋅ [7, 7, 8, 1]",99,35,6
561,"[2, 6, 4, 9] ⋅ [0, 4, 7, 0]",52,0,0
562,"[9, 8, 9, 2] ⋅ [9, 6, 3, 1]",158,81,2
563,"[2, 3, 0, 2] ⋅ [2, 3, 8, 6]",25,4,12
564,"[7, 1, 4, 4] ⋅ [9, 2, 3, 8]",109,63,32
565,"[8, 0, 4, 6] ⋅ [4, 0, 0, 7]",74,32,42
566,"[5, 2, 1, 7] ⋅ [2, 7, 7, 0]",31,10,0
567,"[1, 2, 3, 0] ⋅ [4, 7, 0, 5]",18,4,0
568,"[7, 4, 0, 5] ⋅ [8, 1, 6, 6]",90,56,30
569,"[7, 2, 7, 3] ⋅ [2, 1, 5, 7]",72,14,21
570,"[7, 5, 0, 2] ⋅ [0, 6, 2, 3]",36,0,6
571,"[4, 8, 7, 1] ⋅ [8, 1, 6, 8]",90,32,8
572,"[1, 7, 0, 5] ⋅ [5, 4, 7, 8]",73,5,40
573,"[4, 3, 6, 2] ⋅ [4, 5, 7, 3]",79,16,6
574,"[6, 0, 6, 0] ⋅ [6, 7, 9, 3]",90,36,0
575,"[7, 9, 7, 5] ⋅ [8, 6, 9, 2]",183,56,10
576,"[9, 6, 3, 7] ⋅ [6, 5, 0, 4]",112,54,28
577,"[9, 4, 3, 2] ⋅ [4, 8, 3, 6]",89,36,12
578,"[6, 7, 0, 4] ⋅ [1, 2, 5, 5]",40,6,20
579,"[4, 6, 3, 8] ⋅ [4, 2, 4, 4]",72,16,32
580,"[8, 4, 4, 3] ⋅ [2, 3, 5, 4]",60,16,12
581,"[9, 4, 0, 6] ⋅ [9, 1, 9, 1]",91,81,6
582,"[3, 4, 1, 0] ⋅ [7, 2, 7, 5]",36,21,0
583,"[1, 9, 9, 7] ⋅ [9, 4, 9, 4]",154,9,28
584,"[9, 6, 8, 1] ⋅ [3, 7, 8, 2]",135,27,2
585,"[8, 2, 1, 3] ⋅ [5, 7, 4, 8]",82,40,24
586,"[6, 2, 7, 6] ⋅ [5, 8, 5, 9]",135,30,54
587,"[2, 3, 7, 2] ⋅ [5, 5, 2, 8]",55,10,16
588,"[6, 4, 6, 2] ⋅ [3, 0, 3, 0]",36,18,0
589,"[3, 4, 8, 0] ⋅ [8, 0, 1, 4]",32,24,0
590,"[6, 6, 2, 5] ⋅ [7, 6, 1, 4]",100,42,20
591,"[2, 0, 0, 6] ⋅ [7, 0, 6, 0]",14,14,0
592,"[3, 8, 4, 5] ⋅ [5, 6, 3, 6]",105,15,30
593,"[2, 2, 2, 2] ⋅ [9, 6, 3, 3]",42,18,6
594,"[4, 6, 7, 3] ⋅ [7, 6, 6, 2]",112,28,6
595,"[8, 1, 5, 1] ⋅ [8, 1, 4, 2]",87,64,2
596,"[2, 0, 3, 0] ⋅ [1, 7, 9, 2]",29,2,0
597,"[7, 2, 4, 1] ⋅ [3, 4, 3, 0]",41,21,0
598,"[0, 4, 7, 1] ⋅ [1, 6, 2, 8]",46,0,8
599,"[4, 0, 3, 3] ⋅ [4, 9, 3, 7]",46,16,21
600,"[1, 5, 4, 3] ⋅ [1, 9, 4, 5]",77,1,15
601,"[8, 7, 4, 1] ⋅ [0, 5, 7, 0]",63,0,0
602,"[5, 6, 6, 3] ⋅ [7, 5, 6, 6]",119,35,18
603,"[0, 0, 7, 6] ⋅ [4, 8, 0, 5]",30,0,30
604,"[0, 8, 7, 5] ⋅ [8, 8, 5, 7]",134,0,35
605,"[5, 4, 9, 7] ⋅ [2, 6, 1, 9]",106,10,63
606,"[6, 9, 1, 7] ⋅ [6, 9, 0, 2]",131,36,14
607,"[3, 1, 6, 0] ⋅ [1, 6, 2, 7]",21,3,0
608,"[9, 2, 5, 2] ⋅ [0, 4, 0, 7]",22,0,14
609,"[2, 9, 1, 7] ⋅ [6, 6, 3, 2]",83,12,14
610,"[4, 4, 4, 5] ⋅ [8, 9, 7, 3]",111,32,15
611,"[4, 9, 7, 7] ⋅ [2, 3, 2, 3]",70,8,21
612,"[5, 9, 2, 1] ⋅ [7, 0, 5, 6]",51,35,6
613,"[8, 0, 6, 5] ⋅ [9, 1, 0, 2]",82,72,10
614,"[7, 5, 2, 2] ⋅ [7, 7, 3, 1]",92,49,2
615,"[4, 4, 2, 7] ⋅ [6, 1, 4, 8]",92,24,56
616,"[3, 5, 2, 6] ⋅ [2, 7, 2, 8]",93,6,48
617,"[7, 2, 9, 9] ⋅ [6, 6, 3, 0]",81,42,0
618,"[5, 8, 9, 1] ⋅ [2, 5, 7, 1]",114,10,1
619,"[1, 9, 6, 9] ⋅ [0, 0, 9, 0]",54,0,0
620,"[4, 3, 7, 8] ⋅ [1, 6, 7, 7]",127,4,56
621,"[4, 4, 9, 4] ⋅ [6, 9, 2, 0]",78,24,0
622,"[9, 8, 0, 7] ⋅ [4, 9, 7, 8]",164,36,56
623,"[3, 0, 7, 2] ⋅ [3, 4, 8, 8]",81,9,16
624,"[3, 3, 5, 4] ⋅ [1, 0, 3, 6]",42,3,24
625,"[4, 0, 4, 1] ⋅ [0, 7, 2, 1]",9,0,1
626,"[5, 3, 5, 0] ⋅ [9, 7, 1, 2]",71,45,0
627,"[0, 4, 3, 4] ⋅ [9, 3, 7, 2]",41,0,8
628,"[2, 9, 2, 8] ⋅ [5, 8, 3, 5]",128,10,40
629,"[7, 0, 8, 3] ⋅ [6, 9, 5, 1]",85,42,3
630,"[3, 4, 3, 8] ⋅ [0, 3, 0, 5]",52,0,40
631,"[8, 7, 2, 6] ⋅ [8, 5, 8, 9]",169,64,54
632,"[3, 7, 6, 5] ⋅ [4, 5, 4, 4]",91,12,20
633,"[7, 3, 4, 1] ⋅ [6, 9, 2, 1]",78,42,1
634,"[5, 6, 6, 0] ⋅ [5, 3, 6, 7]",79,25,0
635,"[9, 0, 3, 5] ⋅ [5, 1, 0, 2]",55,45,10
636,"[8, 9, 8, 0] ⋅ [6, 3, 8, 1]",139,48,0
637,"[7, 0, 4, 1] ⋅ [8, 9, 9, 6]",98,56,6
638,"[8, 1, 0, 7] ⋅ [0, 6, 6, 1]",13,0,7
639,"[4, 2, 8, 6] ⋅ [1, 8, 5, 8]",108,4,48
640,"[1, 9, 5, 2] ⋅ [0, 6, 8, 6]",106,0,12
641,"[5, 8, 7, 9] ⋅ [3, 1, 9, 2]",104,15,18
642,"[6, 7, 8, 7] ⋅ [2, 5, 8, 6]",153,12,42
643,"[4, 6, 6, 0] ⋅ [2, 7, 2, 6]",62,8,0
644,"[6, 7, 5, 2] ⋅ [3, 2, 3, 4]",55,18,8
645,"[5, 9, 9, 1] ⋅ [2, 3, 9, 2]",120,10,2
646,"[5, 3, 7, 7] ⋅ [0, 7, 6, 0]",63,0,0
647,"[8, 2, 7, 2] ⋅ [4, 2, 1, 8]",59,32,16
648,"[2, 4, 9, 5] ⋅ [2, 0, 6, 1]",63,4,5
649,"[8, 5, 6, 4] ⋅ [9, 9, 9, 9]",207,72,36
650,"[1, 7, 7, 6] ⋅ [7, 4, 5, 8]",118,7,48
651,"[1, 8, 0, 9] ⋅ [3, 2, 4, 8]",91,3,72
652,"[9, 4, 6, 4] ⋅ [9, 8, 4, 2]",145,81,8
653,"[5, 3, 4, 9] ⋅ [6, 0, 7, 2]",76,30,18
654,"[8, 4, 0, 5] ⋅ [5, 8, 1, 4]",92,40,20
655,"[9, 2, 0, 6] ⋅ [4, 5, 7, 7]",88,36,42
656,"[7, 1, 9, 5] ⋅ [6, 9, 8, 5]",148,42,25
657,"[3, 3, 9, 4] ⋅ [8, 7, 1, 6]",78,24,24
658,"[3, 2, 7, 2] ⋅ [9, 1, 0, 6]",41,27,12
659,"[6, 6, 6, 8] ⋅ [8, 9, 6, 6]",186,48,48
660,"[7, 8, 7, 2] ⋅ [6, 9, 6, 9]",174,42,18
661,"[6, 5, 1, 1] ⋅ [9, 3, 1, 4]",74,54,4
662,"[7, 7, 9, 8] ⋅ [8, 0, 7, 9]",191,56,72
663,"[8, 8, 4, 2] ⋅ [6, 1, 6, 6]",92,48,12
664,"[2, 3, 4, 8] ⋅ [9, 4, 8, 2]",78,18,16
665,"[8, 4, 9, 0] ⋅ [1, 3, 2, 0]",38,8,0
666,"[1, 0, 1, 4] ⋅ [1, 2, 9, 6]",34,1,24
667,"[8, 1, 8, 2] ⋅ [9, 6, 3, 0]",102,72,0
668,"[4, 4, 5, 6] ⋅ [2, 4, 2, 2]",46,8,12
669,"[7, 2, 7, 7] ⋅ [2, 4, 7, 1]",78,14,7
670,"[9, 4, 1, 9] ⋅ [2, 5, 2, 1]",49,18,9
671,"[8, 7, 0, 7] ⋅ [0, 7, 0, 7]",98,0,49
672,"[8, 2, 5, 1] ⋅ [9, 6, 8, 1]",125,72,1
673,"[5, 6, 1, 1] ⋅ [4, 8, 2, 4]",74,20,4
674,"[7, 4, 9, 4] ⋅ [0, 4, 0, 8]",48,0,32
675,"[5, 1, 1, 8] ⋅ [7, 7, 4, 8]",110,35,64
676,"[4, 8, 9, 1] ⋅ [0, 4, 7, 9]",104,0,9
677,"[1, 6, 7, 3] ⋅ [1, 1, 4, 0]",35,1,0
678,"[2, 0, 0, 1] ⋅ [5, 1, 0, 6]",16,10,6
679,"[9, 4, 7, 5] ⋅ [1, 7, 0, 8]",77,9,40
680,"[7, 1, 3, 9] ⋅ [0, 5, 6, 3]",50,0,27
681,"[9, 9, 3, 9] ⋅ [6, 8, 1, 7]",192,54,63
682,"[4, 6, 5, 7] ⋅ [4, 7, 4, 7]",127,16,49
683,"[8, 5, 8, 2] ⋅ [5, 2, 4, 9]",100,40,18
684,"[8, 9, 0, 2] ⋅ [5, 6, 3, 5]",104,40,10
685,"[7, 7, 5, 8] ⋅ [7, 8, 8, 9]",217,49,72
686,"[1, 9, 9, 9] ⋅ [1, 3, 6, 5]",127,1,45
687,"[2, 9, 9, 9] ⋅ [6, 3, 5, 9]",165,12,81
688,"[5, 3, 5, 0] ⋅ [3, 4, 1, 8]",32,15,0
689,"[1, 7, 2, 1] ⋅ [1, 9, 8, 3]",83,1,3
690,"[7, 0, 8, 2] ⋅ [9, 3, 3, 7]",101,63,14
691,"[3, 6, 3, 4] ⋅ [4, 9, 0, 1]",70,12,4
692,"[9, 2, 8, 1] ⋅ [2, 2, 2, 6]",44,18,6
693,"[3, 2, 4, 7] ⋅ [1, 7, 2, 9]",88,3,63
694,"[6, 4, 7, 4] ⋅ [6, 0, 9, 7]",127,36,28
695,"[3, 1, 6, 1] ⋅ [8, 1, 3, 3]",46,24,3
696,"[5, 4, 1, 9] ⋅ [9, 4, 6, 9]",148,45,81
697,"[9, 6, 8, 5] ⋅ [2, 9, 3, 1]",101,18,5
698,"[3, 0, 2, 3] ⋅ [4, 7, 7, 5]",41,12,15
699,"[3, 3, 7, 1] ⋅ [4, 9, 8, 9]",104,12,9
700,"[9, 1, 9, 9] ⋅ [8, 8, 4, 9]",197,72,81
701,"[7, 5, 0, 4] ⋅ [7, 9, 0, 1]",98,49,4
702,"[8, 7, 8, 1] ⋅ [9, 5, 8, 9]",180,72,9
703,"[1, 7, 7, 3] ⋅ [5, 2, 4, 1]",50,5,3
704,"[2, 9, 4, 2] ⋅ [5, 2, 2, 6]",48,10,12
705,"[5, 4, 9, 3] ⋅ [7, 2, 7, 0]",106,35,0
706,"[1, 5, 9, 4] ⋅ [6, 5, 8, 3]",115,6,12
707,"[0, 5, 3, 2] ⋅ [6, 4, 2, 2]",30,0,4
708,"[8, 5, 6, 6] ⋅ [1, 4, 5, 2]",70,8,12
709,"[4, 4, 5, 9] ⋅ [9, 6, 3, 5]",120,36,45
710,"[5, 2, 1, 9] ⋅ [1, 1, 5, 0]",12,5,0
711,"[6, 1, 4, 0] ⋅ [1, 8, 6, 4]",38,6,0
712,"[4, 2, 7, 5] ⋅ [4, 4, 5, 0]",59,16,0
713,"[6, 3, 0, 1] ⋅ [4, 6, 2, 3]",45,24,3
714,"[0, 8, 3, 2] ⋅ [0, 2, 0, 7]",30,0,14
715,"[7, 8, 0, 4] ⋅ [3, 5, 0, 5]",81,21,20
716,"[6, 5, 8, 7] ⋅ [0, 7, 4, 2]",81,0,14
717,"[8, 6, 5, 8] ⋅ [3, 8, 5, 5]",137,24,40
718,"[5, 1, 1, 9] ⋅ [5, 8, 0, 6]",87,25,54
719,"[9, 1, 9, 8] ⋅ [3, 8, 7, 6]",146,27,48
720,"[6, 0, 0, 9] ⋅ [5, 9, 3, 2]",48,30,18
721,"[5, 5, 5, 1] ⋅ [7, 9, 0, 2]",82,35,2
722,"[1, 0, 3, 7] ⋅ [7, 2, 0, 2]",21,7,14
723,"[2, 9, 4, 8] ⋅ [1, 9, 5, 6]",151,2,48
724,"[3, 3, 8, 2] ⋅ [8, 8, 3, 0]",72,24,0
725,"[8, 0, 1, 9] ⋅ [5, 1, 6, 6]",100,40,54
726,"[0, 3, 5, 5] ⋅ [7, 6, 5, 4]",63,0,20
727,"[8, 2, 7, 9] ⋅ [2, 8, 3, 0]",53,16,0
728,"[0, 5, 2, 1] ⋅ [4, 6, 4, 7]",45,0,7
729,"[1, 8, 7, 7] ⋅ [7, 6, 9, 0]",118,7,0
730,"[9, 1, 7, 9] ⋅ [7, 1, 3, 7]",148,63,63
731,"[9, 2, 8, 5] ⋅ [8, 5, 7, 9]",183,72,45
732,"[6, 3, 2, 0] ⋅ [2, 6, 2, 2]",34,12,0
733,"[6, 9, 1, 1] ⋅ [8, 4, 4, 3]",91,48,3
734,"[0, 4, 5, 2] ⋅ [6, 4, 7, 1]",53,0,2
735,"[5, 7, 5, 2] ⋅ [4, 9, 3, 7]",112,20,14
736,"[7, 0, 0, 9] ⋅ [5, 7, 3, 3]",62,35,27
737,"[8, 9, 5, 1] ⋅ [3, 7, 8, 6]",133,24,6
738,"[3, 3, 1, 5] ⋅ [6, 9, 7, 1]",57,18,5
739,"[2, 6, 4, 1] ⋅ [8, 9, 2, 6]",84,16,6
740,"[0, 1, 2, 5] ⋅ [4, 1, 0, 1]",6,0,5
741,"[3, 4, 9, 7] ⋅ [5, 2, 3, 1]",57,15,7
742,"[7, 9, 8, 1] ⋅ [3, 5, 7, 2]",124,21,2
743,"[3, 4, 0, 9] ⋅ [6, 5, 2, 4]",74,18,36
744,"[4, 4, 2, 6] ⋅ [5, 5, 5, 5]",80,20,30
745,"[4, 1, 4, 3] ⋅ [9, 7, 0, 7]",64,36,21
746,"[0, 9, 1, 7] ⋅ [5, 1, 9, 5]",53,0,35
747,"[2, 8, 5, 4] ⋅ [1, 2, 5, 3]",55,2,12
748,"[1, 2, 0, 5] ⋅ [7, 7, 2, 1]",26,7,5
749,"[5, 3, 8, 2] ⋅ [6, 3, 4, 2]",75,30,4
750,"[8, 9, 1, 2] ⋅ [0, 0, 0, 9]",18,0,18
751,"[3, 5, 2, 2] ⋅ [7, 4, 3, 8]",63,21,16
752,"[5, 3, 1, 6] ⋅ [6, 5, 9, 7]",96,30,42
753,"[6, 0, 5, 7] ⋅ [9, 7, 7, 2]",103,54,14
754,"[4, 3, 1, 3] ⋅ [6, 6, 5, 0]",47,24,0
755,"[8, 4, 3, 9] ⋅ [1, 3, 2, 0]",26,8,0
756,"[9, 1, 8, 9] ⋅ [8, 1, 0, 2]",91,72,18
757,"[8, 1, 5, 2] ⋅ [6, 2, 4, 0]",70,48,0
758,"[7, 5, 5, 7] ⋅ [6, 4, 9, 6]",149,42,42
759,"[9, 1, 9, 9] ⋅ [8, 9, 7, 3]",171,72,27
760,"[0, 9, 7, 0] ⋅ [8, 7, 4, 7]",91,0,0
761,"[8, 9, 0, 7] ⋅ [2, 4, 9, 7]",101,16,49
762,"[6, 7, 9, 5] ⋅ [8, 3, 2, 0]",87,48,0
763,"[6, 7, 7, 4] ⋅ [3, 4, 0, 9]",82,18,36
764,"[6, 7, 1, 1] ⋅ [0, 0, 8, 3]",11,0,3
765,"[4, 3, 7, 5] ⋅ [0, 6, 1, 8]",65,0,40
766,"[2, 1, 6, 9] ⋅ [8, 6, 5, 9]",133,16,81
767,"[7, 8, 3, 9] ⋅ [7, 0, 2, 6]",109,49,54
768,"[7, 6, 4, 9] ⋅ [0, 5, 5, 9]",131,0,81
769,"[9, 6, 9, 7] ⋅ [9, 3, 7, 5]",197,81,35
770,"[8, 6, 2, 0] ⋅ [0, 9, 2, 0]",58,0,0
771,"[6, 5, 6, 2] ⋅ [7, 0, 2, 7]",68,42,14
772,"[7, 2, 0, 8] ⋅ [4, 0, 3, 6]",76,28,48
773,"[7, 1, 2, 8] ⋅ [4, 2, 3, 6]",84,28,48
774,"[6, 7, 0, 2] ⋅ [0, 9, 9, 4]",71,0,8
775,"[5, 9, 9, 1] ⋅ [4, 4, 7, 2]",121,20,2
776,"[1, 6, 5, 9] ⋅ [6, 8, 6, 7]",147,6,63
777,"[2, 4, 0, 2] ⋅ [7, 5, 4, 1]",36,14,2
778,"[0, 5, 3, 2] ⋅ [6, 4, 5, 9]",53,0,18
779,"[2, 9, 3, 7] ⋅ [4, 1, 8, 8]",97,8,56
780,"[9, 3, 3, 5] ⋅ [4, 8, 1, 9]",108,36,45
781,"[4, 6, 8, 1] ⋅ [4, 8, 2, 2]",82,16,2
782,"[1, 8, 7, 3] ⋅ [5, 3, 5, 4]",76,5,12
783,"[6, 4, 7, 5] ⋅ [7, 7, 9, 5]",158,42,25
784,"[1, 5, 5, 0] ⋅ [9, 4, 1, 4]",34,9,0
785,"[3, 7, 2, 4] ⋅ [1, 3, 8, 6]",64,3,24
786,"[1, 3, 6, 0] ⋅ [2, 1, 2, 3]",17,2,0
787,"[0, 2, 3, 6] ⋅ [8, 3, 1, 9]",63,0,54
788,"[2, 2, 2, 3] ⋅ [2, 1, 6, 8]",42,4,24
789,"[0, 3, 1, 3] ⋅ [8, 3, 6, 3]",24,0,9
790,"[3, 9, 7, 7] ⋅ [0, 8, 5, 0]",107,0,0
791,"[2, 1, 5, 1] ⋅ [1, 9, 1, 7]",23,2,7
792,"[0, 5, 9, 7] ⋅ [4, 5, 4, 6]",103,0,42
793,"[1, 0, 4, 0] ⋅ [9, 2, 7, 2]",37,9,0
794,"[7, 2, 9, 0] ⋅ [1, 8, 0, 8]",23,7,0
795,"[5, 8, 0, 1] ⋅ [0, 1, 8, 8]",16,0,8
796,"[8, 5, 0, 7] ⋅ [5, 2, 1, 9]",113,40,63
797,"[6, 8, 2, 3] ⋅ [4, 7, 8, 5]",111,24,15
798,"[5, 3, 5, 5] ⋅ [8, 8, 4, 4]",104,40,20
799,"[9, 2, 3, 3] ⋅ [9, 3, 3, 1]",99,81,3
800,"[1, 2, 6, 8] ⋅ [6, 7, 9, 6]",122,6,48
801,"[0, 7, 7, 8] ⋅ [1, 0, 4, 2]",44,0,16
802,"[5, 5, 5, 9] ⋅ [0, 3, 2, 6]",79,0,54
803,"[2, 6, 8, 8] ⋅ [3, 9, 0, 4]",92,6,32
804,"[6, 6, 9, 2] ⋅ [9, 9, 9, 3]",195,54,6
805,"[7, 9, 4, 0] ⋅ [3, 5, 6, 8]",90,21,0
806,"[6, 8, 1, 6] ⋅ [1, 4, 9, 4]",71,6,24
807,"[5, 7, 7, 9] ⋅ [0, 0, 1, 7]",70,0,63
808,"[8, 0, 2, 3] ⋅ [0, 6, 2, 9]",31,0,27
809,"[9, 3, 0, 8] ⋅ [4, 0, 6, 3]",60,36,24
810,"[2, 1, 3, 5] ⋅ [0, 8, 5, 2]",33,0,10
811,"[3, 8, 4, 1] ⋅ [4, 8, 0, 8]",84,12,8
812,"[4, 7, 2, 2] ⋅ [0, 1, 7, 9]",39,0,18
813,"[4, 6, 8, 0] ⋅ [1, 9, 8, 7]",122,4,0
814,"[8, 0, 2, 0] ⋅ [8, 5, 7, 4]",78,64,0
815,"[4, 0, 6, 1] ⋅ [0, 0, 2, 5]",17,0,5
816,"[0, 4, 6, 3] ⋅ [2, 5, 6, 0]",56,0,0
817,"[5, 3, 6, 2] ⋅ [3, 1, 5, 0]",48,15,0
818,"[5, 2, 6, 5] ⋅ [6, 4, 2, 0]",50,30,0
819,"[7, 8, 2, 5] ⋅ [7, 2, 1, 9]",112,49,45
820,"[2, 9, 8, 0] ⋅ [2, 5, 1, 7]",57,4,0
821,"[7, 4, 4, 2] ⋅ [8, 6, 8, 2]",116,56,4
822,"[6, 8, 9, 2] ⋅ [7, 3, 8, 8]",154,42,16
823,"[1, 0, 8, 9] ⋅ [4, 2, 9, 7]",139,4,63
824,"[8, 5, 0, 1] ⋅ [8, 8, 1, 7]",111,64,7
825,"[0, 6, 1, 2] ⋅ [7, 5, 5, 2]",39,0,4
826,"[2, 9, 2, 2] ⋅ [7, 4, 2, 4]",62,14,8
827,"[3, 7, 1, 2] ⋅ [1, 2, 9, 7]",40,3,14
828,"[6, 3, 1, 5] ⋅ [8, 9, 2, 1]",82,48,5
829,"[7, 0, 1, 1] ⋅ [0, 2, 2, 4]",6,0,4
830,"[2, 1, 0, 6] ⋅ [8, 6, 8, 8]",70,16,48
831,"[5, 7, 9, 2] ⋅ [6, 5, 9, 5]",156,30,10
832,"[4, 3, 0, 5] ⋅ [2, 6, 8, 0]",26,8,0
833,"[0, 4, 3, 3] ⋅ [3, 4, 5, 4]",43,0,12
834,"[2, 1, 2, 8] ⋅ [4, 8, 4, 5]",64,8,40
835,"[6, 1, 6, 7] ⋅ [2, 0, 6, 8]",104,12,56
836,"[9, 5, 8, 1] ⋅ [6, 6, 8, 3]",151,54,3
837,"[5, 4, 6, 9] ⋅ [0, 8, 6, 5]",113,0,45
838,"[4, 5, 4, 8] ⋅ [5, 1, 1, 1]",37,20,8
839,"[2, 0, 5, 7] ⋅ [5, 5, 3, 3]",46,10,21
840,"[7, 8, 5, 3] ⋅ [0, 4, 9, 0]",77,0,0
841,"[6, 1, 9, 1] ⋅ [5, 2, 7, 7]",102,30,7
842,"[1, 4, 0, 4] ⋅ [6, 4, 3, 6]",46,6,24
843,"[6, 9, 5, 4] ⋅ [1, 3, 6, 6]",87,6,24
844,"[7, 8, 0, 8] ⋅ [1, 6, 5, 3]",79,7,24
845,"[5, 3, 7, 8] ⋅ [1, 3, 3, 8]",99,5,64
846,"[9, 7, 8, 2] ⋅ [8, 5, 6, 3]",161,72,6
847,"[8, 4, 7, 5] ⋅ [3, 9, 5, 7]",130,24,35
848,"[0, 6, 6, 2] ⋅ [4, 8, 5, 2]",82,0,4
849,"[6, 2, 1, 6] ⋅ [0, 2, 0, 0]",4,0,0
850,"[4, 2, 3, 1] ⋅ [6, 1, 3, 9]",44,24,9
851,"[0, 2, 7, 8] ⋅ [0, 9, 4, 2]",62,0,16
852,"[0, 2, 4, 0] ⋅ [2, 3, 4, 0]",22,0,0
853,"[8, 3, 8, 3] ⋅ [4, 8, 8, 3]",129,32,9
854,"[7, 0, 1, 6] ⋅ [4, 9, 5, 7]",75,28,42
855,"[2, 5, 7, 0] ⋅ [6, 7, 7, 2]",96,12,0
856,"[6, 3, 0, 8] ⋅ [7, 7, 9, 4]",95,42,32
857,"[7, 1, 8, 2] ⋅ [3, 1, 1, 2]",34,21,4
858,"[9, 6, 7, 9] ⋅ [7, 7, 2, 9]",200,63,81
859,"[3, 7, 3, 1] ⋅ [2, 3, 6, 2]",47,6,2
860,"[6, 8, 0, 4] ⋅ [3, 0, 2, 5]",38,18,20
861,"[0, 3, 1, 4] ⋅ [6, 3, 5, 4]",30,0,16
862,"[2, 1, 9, 9] ⋅ [3, 1, 4, 1]",52,6,9
863,"[5, 1, 2, 4] ⋅ [7, 9, 2, 6]",72,35,24
864,"[3, 1, 7, 5] ⋅ [7, 2, 9, 8]",126,21,40
865,"[0, 4, 4, 5] ⋅ [7, 4, 4, 5]",57,0,25
866,"[5, 6, 8, 5] ⋅ [3, 2, 8, 6]",121,15,30
867,"[7, 8, 6, 2] ⋅ [6, 8, 0, 0]",106,42,0
868,"[1, 1, 4, 8] ⋅ [2, 4, 8, 9]",110,2,72
869,"[2, 3, 3, 2] ⋅ [9, 3, 8, 0]",51,18,0
870,"[7, 4, 6, 6] ⋅ [3, 4, 8, 9]",139,21,54
871,"[0, 9, 4, 4] ⋅ [4, 7, 5, 3]",95,0,12
872,"[2, 9, 2, 9] ⋅ [4, 4, 0, 8]",116,8,72
873,"[6, 8, 9, 6] ⋅ [8, 3, 0, 6]",108,48,36
874,"[2, 3, 9, 5] ⋅ [3, 1, 0, 6]",39,6,30
875,"[5, 2, 9, 6] ⋅ [8, 2, 6, 2]",110,40,12
876,"[5, 9, 5, 8] ⋅ [4, 7, 7, 2]",134,20,16
877,"[0, 4, 6, 4] ⋅ [9, 4, 9, 8]",102,0,32
878,"[6, 0, 4, 4] ⋅ [1, 7, 8, 7]",66,6,28
879,"[7, 3, 9, 0] ⋅ [1, 8, 4, 6]",67,7,0
880,"[6, 7, 2, 0] ⋅ [1, 9, 2, 7]",73,6,0
881,"[9, 2, 1, 1] ⋅ [3, 9, 1, 2]",48,27,2
882,"[6, 9, 7, 5] ⋅ [6, 4, 7, 4]",141,36,20
883,"[5, 8, 3, 2] ⋅ [5, 6, 8, 5]",107,25,10
884,"[2, 1, 9, 2] ⋅ [5, 0, 4, 8]",62,10,16
885,"[2, 6, 8, 4] ⋅ [8, 1, 5, 5]",82,16,20
886,"[1, 7, 6, 7] ⋅ [5, 3, 8, 0]",74,5,0
887,"[3, 4, 7, 9] ⋅ [3, 5, 5, 2]",82,9,18
888,"[7, 0, 7, 0] ⋅ [3, 2, 5, 3]",56,21,0
889,"[3, 1, 5, 4] ⋅ [5, 7, 4, 5]",62,15,20
890,"[3, 3, 0, 9] ⋅ [2, 7, 9, 3]",54,6,27
891,"[4, 5, 6, 8] ⋅ [9, 8, 8, 8]",188,36,64
892,"[0, 1, 3, 1] ⋅ [7, 7, 7, 3]",31,0,3
893,"[4, 4, 7, 5] ⋅ [8, 1, 4, 4]",84,32,20
894,"[0, 2, 5, 5] ⋅ [9, 6, 2, 1]",27,0,5
895,"[3, 5, 9, 7] ⋅ [6, 1, 5, 9]",131,18,63
896,"[8, 4, 2, 7] ⋅ [6, 4, 9, 7]",131,48,49
897,"[3, 2, 7, 5] ⋅ [4, 6, 8, 8]",120,12,40
898,"[9, 5, 0, 8] ⋅ [8, 6, 9, 6]",150,72,48
899,"[1, 2, 1, 4] ⋅ [4, 1, 6, 5]",32,4,20
900,"[6, 6, 0, 1] ⋅ [6, 2, 1, 6]",54,36,6
901,"[8, 5, 9, 2] ⋅ [0, 4, 0, 5]",30,0,10
902,"[6, 7, 8, 3] ⋅ [3, 5, 0, 5]",68,18,15
903,"[7, 6, 4, 1] ⋅ [3, 5, 0, 0]",51,21,0
904,"[3, 2, 8, 7] ⋅ [1, 3, 7, 0]",65,3,0
905,"[7, 7, 5, 2] ⋅ [9, 4, 1, 8]",112,63,16
906,"[5, 4, 1, 6] ⋅ [4, 4, 2, 6]",74,20,36
907,"[0, 2, 7, 3] ⋅ [1, 4, 3, 6]",47,0,18
908,"[3, 4, 6, 7] ⋅ [7, 8, 3, 2]",85,21,14
909,"[0, 8, 4, 1] ⋅ [9, 1, 5, 2]",30,0,2
910,"[2, 6, 4, 0] ⋅ [4, 9, 5, 1]",82,8,0
911,"[8, 0, 5, 8] ⋅ [6, 9, 8, 9]",160,48,72
912,"[0, 8, 2, 1] ⋅ [2, 1, 0, 3]",11,0,3
913,"[7, 8, 0, 8] ⋅ [4, 0, 3, 4]",60,28,32
914,"[8, 3, 4, 8] ⋅ [0, 4, 1, 2]",32,0,16
915,"[3, 1, 4, 3] ⋅ [4, 9, 7, 8]",73,12,24
916,"[7, 5, 3, 6] ⋅ [5, 4, 2, 5]",91,35,30
917,"[6, 3, 9, 5] ⋅ [5, 8, 8, 1]",131,30,5
918,"[8, 4, 0, 3] ⋅ [3, 5, 6, 0]",44,24,0
919,"[1, 3, 2, 9] ⋅ [2, 2, 3, 3]",41,2,27
920,"[5, 2, 9, 2] ⋅ [8, 5, 1, 9]",77,40,18
921,"[0, 1, 1, 8] ⋅ [8, 1, 0, 4]",33,0,32
922,"[7, 0, 9, 2] ⋅ [0, 4, 5, 1]",47,0,2
923,"[0, 6, 3, 0] ⋅ [0, 4, 1, 1]",27,0,0
924,"[9, 0, 8, 4] ⋅ [4, 2, 9, 1]",112,36,4
925,"[9, 5, 7, 8] ⋅ [1, 5, 4, 2]",78,9,16
926,"[8, 8, 0, 6] ⋅ [7, 1, 9, 4]",88,56,24
927,"[9, 3, 5, 6] ⋅ [1, 6, 8, 1]",73,9,6
928,"[6, 8, 6, 9] ⋅ [7, 1, 5, 7]",143,42,63
929,"[8, 2, 4, 2] ⋅ [2, 1, 8, 2]",54,16,4
930,"[2, 6, 8, 5] ⋅ [3, 2, 0, 9]",63,6,45
931,"[0, 5, 7, 9] ⋅ [1, 5, 5, 7]",123,0,63
932,"[8, 9, 5, 8] ⋅ [6, 1, 2, 2]",83,48,16
933,"[0, 8, 1, 2] ⋅ [1, 2, 7, 5]",33,0,10
934,"[9, 5, 0, 4] ⋅ [6, 8, 5, 9]",130,54,36
935,"[3, 9, 7, 0] ⋅ [1, 2, 0, 3]",21,3,0
936,"[6, 4, 1, 4] ⋅ [9, 1, 5, 1]",67,54,4
937,"[2, 0, 5, 7] ⋅ [4, 9, 2, 1]",25,8,7
938,"[4, 4, 5, 7] ⋅ [1, 8, 7, 3]",92,4,21
939,"[1, 8, 7, 0] ⋅ [9, 2, 3, 9]",46,9,0
940,"[8, 0, 6, 2] ⋅ [0, 7, 4, 6]",36,0,12
941,"[3, 7, 4, 9] ⋅ [1, 1, 3, 3]",49,3,27
942,"[9, 9, 1, 0] ⋅ [0, 7, 9, 9]",72,0,0
943,"[1, 5, 8, 7] ⋅ [6, 8, 9, 3]",139,6,21
944,"[4, 6, 3, 0] ⋅ [2, 3, 5, 5]",41,8,0
945,"[6, 4, 6, 5] ⋅ [5, 8, 8, 2]",120,30,10
946,"[9, 6, 3, 4] ⋅ [5, 6, 1, 5]",104,45,20
947,"[2, 4, 9, 1] ⋅ [4, 6, 3, 3]",62,8,3
948,"[7, 7, 6, 8] ⋅ [6, 0, 4, 5]",106,42,40
949,"[2, 8, 0, 3] ⋅ [3, 4, 0, 9]",65,6,27
950,"[1, 7, 7, 9] ⋅ [1, 3, 0, 2]",40,1,18
951,"[3, 5, 6, 3] ⋅ [9, 1, 6, 3]",77,27,9
952,"[9, 2, 8, 3] ⋅ [5, 1, 4, 6]",97,45,18
953,"[5, 8, 1, 2] ⋅ [7, 1, 3, 8]",62,35,16
954,"[1, 5, 1, 5] ⋅ [6, 8, 7, 5]",78,6,25
955,"[5, 0, 1, 3] ⋅ [8, 2, 7, 8]",71,40,24
956,"[8, 0, 6, 8] ⋅ [2, 0, 8, 3]",88,16,24
957,"[0, 2, 9, 4] ⋅ [0, 3, 2, 4]",40,0,16
958,"[7, 0, 3, 6] ⋅ [2, 7, 8, 9]",92,14,54
959,"[7, 9, 8, 8] ⋅ [3, 4, 7, 5]",153,21,40
960,"[6, 7, 5, 0] ⋅ [3, 6, 9, 5]",105,18,0
961,"[9, 0, 6, 1] ⋅ [4, 1, 3, 6]",60,36,6
962,"[3, 8, 7, 1] ⋅ [1, 5, 8, 5]",104,3,5
963,"[8, 1, 6, 4] ⋅ [0, 7, 2, 9]",55,0,36
964,"[2, 1, 8, 6] ⋅ [6, 0, 7, 3]",86,12,18
965,"[4, 6, 1, 0] ⋅ [1, 2, 5, 1]",21,4,0
966,"[6, 4, 0, 3] ⋅ [0, 9, 0, 3]",45,0,9
967,"[0, 2, 5, 7] ⋅ [1, 4, 7, 4]",71,0,28
968,"[8, 1, 8, 7] ⋅ [4, 4, 5, 1]",83,32,7
969,"[8, 6, 3, 8] ⋅ [8, 3, 0, 1]",90,64,8
970,"[9, 6, 4, 1] ⋅ [1, 2, 4, 5]",42,9,5
971,"[2, 1, 8, 4] ⋅ [7, 1, 8, 1]",83,14,4
972,"[4, 9, 8, 4] ⋅ [0, 5, 8, 2]",117,0,8
973,"[8, 6, 5, 7] ⋅ [1, 5, 7, 0]",73,8,0
974,"[7, 0, 9, 1] ⋅ [8, 1, 6, 7]",117,56,7
975,"[6, 8, 1, 7] ⋅ [2, 5, 7, 9]",122,12,63
976,"[3, 2, 7, 1] ⋅ [9, 3, 0, 6]",39,27,6
977,"[8, 0, 4, 8] ⋅ [9, 6, 0, 2]",88,72,16
978,"[8, 8, 4, 7] ⋅ [1, 6, 7, 0]",84,8,0
979,"[5, 6, 3, 0] ⋅ [9, 4, 5, 5]",84,45,0
980,"[8, 0, 9, 2] ⋅ [4, 5, 1, 6]",53,32,12
981,"[4, 5, 3, 3] ⋅ [3, 1, 2, 5]",38,12,15
982,"[6, 6, 8, 7] ⋅ [0, 7, 4, 5]",109,0,35
983,"[2, 0, 6, 9] ⋅ [7, 2, 4, 6]",92,14,54
984,"[6, 4, 2, 4] ⋅ [6, 5, 7, 6]",94,36,24
985,"[6, 4, 9, 3] ⋅ [2, 6, 4, 7]",93,12,21
986,"[3, 3, 2, 8] ⋅ [6, 6, 1, 4]",70,18,32
987,"[0, 8, 5, 6] ⋅ [5, 5, 3, 8]",103,0,48
988,"[7, 8, 7, 5] ⋅ [3, 8, 6, 0]",127,21,0
989,"[1, 3, 1, 8] ⋅ [2, 5, 9, 4]",58,2,32
990,"[3, 7, 7, 0] ⋅ [5, 4, 9, 7]",106,15,0
991,"[3, 1, 2, 2] ⋅ [8, 5, 2, 4]",41,24,8
992,"[4, 2, 8, 6] ⋅ [0, 0, 8, 2]",76,0,12
993,"[7, 9, 7, 8] ⋅ [7, 6, 6, 7]",201,49,56
994,"[9, 2, 6, 2] ⋅ [0, 6, 0, 0]",12,0,0
995,"[9, 4, 6, 9] ⋅ [3, 8, 8, 4]",143,27,36
996,"[8, 8, 4, 0] ⋅ [1, 3, 8, 3]",64,8,0
997,"[3, 7, 9, 7] ⋅ [6, 3, 8, 3]",132,18,21
998,"[5, 5, 0, 5] ⋅ [9, 3, 6, 9]",105,45,45
999,"[8, 2, 8, 2] ⋅ [5, 3, 0, 8]",62,40,16
